,price_usd_t,source
2009-01-31,1809.80,EST_ALB
2009-02-28,1559.64,EST_ALB
2009-03-31,1782.08,EST_ALB
2009-04-30,2225.57,EST_ALB
2009-05-31,2349.53,EST_ALB
2009-06-30,2125.42,EST_ALB
2009-07-31,2493.85,EST_ALB
2009-08-31,2719.78,EST_ALB
2009-09-30,2944.80,EST_ALB
2009-10-31,2671.80,EST_ALB
2009-11-30,2867.80,EST_ALB
2009-12-31,3117.08,EST_ALB
2010-01-31,3057.77,EST_ALB
2010-02-28,3219.43,EST_ALB
2010-03-31,3705.02,EST_ALB
2010-04-30,3986.18,EST_ALB
2010-05-31,3744.84,EST_ALB
2010-06-30,3447.59,EST_ALB
2010-07-31,3810.33,EST_ALB
2010-08-31,3482.74,EST_ALB
2010-09-30,4122.84,EST_ALB
2010-10-31,4435.04,EST_ALB
2010-11-30,4809.19,EST_ALB
2010-12-31,4982.83,EST_ALB
2011-01-31,5019.00,EST_ALB
2011-02-28,5152.39,EST_ALB
2011-03-31,5380.61,EST_ALB
2011-04-30,6420.15,EST_ALB
2011-05-31,6448.27,EST_ALB
2011-06-30,6306.28,EST_ALB
2011-07-31,6052.25,EST_ALB
2011-08-31,4528.46,EST_ALB
2011-09-30,3568.68,EST_ALB
2011-10-31,4793.14,EST_ALB
2011-11-30,4912.04,EST_ALB
2011-12-31,4639.76,EST_ALB
2012-01-31,5877.23,EST_ALB
2012-02-29,6092.62,EST_ALB
2012-03-31,5859.17,EST_ALB
2012-04-30,5994.01,EST_ALB
2012-05-31,5545.27,EST_ALB
2012-06-30,5461.66,EST_ALB
2012-07-31,5323.24,EST_ALB
2012-08-31,4983.99,EST_ALB
2012-09-30,4803.40,EST_ALB
2012-10-31,5039.78,EST_ALB
2012-11-30,5496.92,EST_ALB
2012-12-31,5745.83,EST_ALB
2013-01-31,5666.06,EST_ALB
2013-02-28,6037.93,EST_ALB
2013-03-31,5808.13,EST_ALB
2013-04-30,5682.53,EST_ALB
2013-05-31,6244.55,EST_ALB
2013-06-30,5809.00,EST_ALB
2013-07-31,5781.19,EST_ALB
2013-08-31,5816.95,EST_ALB
2013-09-30,5897.12,EST_ALB
2013-10-31,6222.04,EST_ALB
2013-11-30,6474.69,EST_ALB
2013-12-31,5963.98,EST_ALB
2014-01-31,6043.19,EST_ALB
2014-02-28,6224.91,EST_ALB
2014-03-31,6296.27,EST_ALB
2014-04-30,6358.90,EST_ALB
2014-05-31,6576.36,EST_ALB
2014-06-30,6838.23,EST_ALB
2014-07-31,5808.15,EST_ALB
2014-08-31,6034.36,EST_ALB
2014-09-30,5587.66,EST_ALB
2014-10-31,5535.12,EST_ALB
2014-11-30,5601.81,EST_ALB
2014-12-31,5740.54,EST_ALB
2015-01-31,4541.68,EST_ALB
2015-02-28,5379.20,EST_ALB
2015-03-31,5031.23,EST_ALB
2015-04-30,5729.87,EST_ALB
2015-05-31,5775.90,EST_ALB
2015-06-30,5304.73,EST_ALB
2015-07-31,5195.40,EST_ALB
2015-08-31,4282.67,EST_ALB
2015-09-30,4201.64,EST_ALB
2015-10-31,5163.97,EST_ALB
2015-11-30,5168.08,EST_ALB
2015-12-31,5454.52,EST_ALB
2016-01-31,5105.61,EST_ALB
2016-02-29,5476.31,EST_ALB
2016-03-31,6313.26,EST_ALB
2016-04-30,6548.11,EST_ALB
2016-05-31,7856.65,EST_ALB
2016-06-30,7975.49,EST_ALB
2016-07-31,8497.14,EST_ALB
2016-08-31,8046.21,EST_ALB
2016-09-30,8675.55,EST_ALB
2016-10-31,8466.00,EST_ALB
2016-11-30,8923.33,EST_ALB
2016-12-31,8770.55,EST_ALB
2017-01-31,9484.29,EST_ALB
2017-02-28,10454.58,EST_ALB
2017-03-31,10944.48,EST_ALB
2017-04-30,11305.73,EST_ALB
2017-05-31,11825.08,EST_ALB
2017-06-30,10967.06,EST_ALB
2017-07-31,12106.29,EST_ALB
2017-08-31,12157.53,EST_ALB
2017-09-30,14442.16,EST_ALB
2017-10-31,14959.64,EST_ALB
2017-11-30,14217.66,EST_ALB
2017-12-31,13529.23,EST_ALB
2018-01-31,11700.32,EST_ALB
2018-02-28,10458.03,EST_ALB
2018-03-31,9640.52,EST_ALB
2018-04-30,10108.52,EST_ALB
2018-05-31,9721.39,EST_ALB
2018-06-30,9854.03,EST_ALB
2018-07-31,9839.56,EST_ALB
2018-08-31,9986.51,EST_ALB
2018-09-30,10499.30,EST_ALB
2018-10-31,10436.54,EST_ALB
2018-11-30,10111.91,EST_ALB
2018-12-31,8006.30,EST_ALB
2019-01-31,8411.95,EST_ALB
2019-02-28,9588.90,EST_ALB
2019-03-31,8589.82,EST_ALB
2019-04-30,7819.61,EST_ALB
2019-05-31,6521.55,EST_ALB
2019-06-30,7344.52,EST_ALB
2019-07-31,7628.20,EST_ALB
2019-08-31,6384.05,EST_ALB
2019-09-30,7286.90,EST_ALB
2019-10-31,6310.76,EST_ALB
2019-11-30,6825.56,EST_ALB
2019-12-31,7726.69,EST_ALB
2020-01-31,8545.13,EST_ALB
2020-02-29,8723.26,EST_ALB
2020-03-31,5897.76,EST_ALB
2020-04-30,6463.33,EST_ALB
2020-05-31,8167.25,EST_ALB
2020-06-30,8286.25,EST_ALB
2020-07-31,8887.75,EST_ALB
2020-08-31,9872.66,EST_ALB
2020-09-30,9713.59,EST_ALB
2020-10-31,10169.72,EST_ALB
2020-11-30,15205.15,EST_ALB
2020-12-31,16632.62,EST_ALB
2021-01-31,18456.93,EST_ALB
2021-02-28,17798.89,EST_ALB
2021-03-31,16508.35,EST_ALB
2021-04-30,19175.97,EST_ALB
2021-05-31,19043.60,EST_ALB
2021-06-30,19257.08,EST_ALB
2021-07-31,23864.50,EST_ALB
2021-08-31,27669.99,EST_ALB
2021-09-30,25508.34,EST_ALB
2021-10-31,29434.90,EST_ALB
2021-11-30,31444.50,EST_ALB
2021-12-31,27396.37,EST_ALB
2022-01-31,25772.70,EST_ALB
2022-02-28,22693.74,EST_ALB
2022-03-31,25880.63,EST_ALB
2022-04-30,22365.51,EST_ALB
2022-05-31,30803.13,EST_ALB
2022-06-30,24406.72,EST_ALB
2022-07-31,28825.24,EST_ALB
2022-08-31,31806.84,EST_ALB
2022-09-30,31404.98,EST_ALB
2022-10-31,33360.68,EST_ALB
2022-11-30,33122.00,EST_ALB
2022-12-31,25466.35,EST_ALB
2023-01-31,33618.41,EST_ALB
2023-02-28,30176.26,EST_ALB
2023-03-31,26041.32,EST_ALB
2023-04-30,21600.73,EST_ALB
2023-05-31,22603.39,EST_ALB
2023-06-30,37354.28,REAL_SMM
2023-07-31,34269.50,REAL_SMM
2023-08-31,25196.88,REAL_SMM
2023-09-30,20381.51,REAL_SMM
2023-10-31,19907.25,REAL_SMM
2023-11-30,16232.04,REAL_SMM
2023-12-31,12049.10,REAL_SMM
2024-01-31,11894.73,REAL_SMM
2024-02-29,12206.54,REAL_SMM
2024-03-31,13405.46,REAL_SMM
2024-04-30,13614.80,REAL_SMM
2024-05-31,12918.08,REAL_SMM
2024-06-30,11111.58,REAL_SMM
2024-07-31,10014.41,REAL_SMM
2024-08-31,9275.54,REAL_SMM
2024-09-30,9519.37,REAL_SMM
2024-10-31,9134.63,REAL_SMM
2024-11-30,9532.56,REAL_SMM
2024-12-31,9077.31,REAL_SMM
2025-01-31,9457.74,REAL_SMM
2025-02-28,9101.55,REAL_SMM
2025-03-31,9001.36,REAL_SMM
2025-04-30,8245.61,REAL_SMM
2025-05-31,7453.94,REAL_SMM
2025-06-30,7552.77,REAL_SMM
2025-07-31,8835.44,REAL_SMM
2025-08-31,9857.04,REAL_SMM
2025-09-30,9114.25,REAL_SMM
2025-10-31,9999.04,REAL_SMM
2025-11-30,11682.85,REAL_SMM
2025-12-31,14960.52,REAL_SMM
2026-01-31,20388.05,REAL_SMM
2026-02-28,22142.56,REAL_SMM
2026-03-31,20824.29,REAL_SMM
2026-04-30,22823.42,REAL_SMM
2026-05-31,23114.22,REAL_SMM
2026-06-30,20358.42,REAL_SMM
