date,li_smm_usd_t,ndpr_smm_usd_t,gfex_li_active,gfex_li_term_slope,gfex_li_oi,gfex_li_tightness
2023-06-26,43213.47,67282.61,,,,
2023-06-27,42708.55,66404.9,,,,
2023-06-28,42466.51,64562.91,,,,
2023-06-29,42269.03,62646.29,,,,
2023-06-30,42210.34,62559.29,,,,
2023-07-03,42210.34,62559.29,,,,
2023-07-04,42372.88,61664.6,,,,
2023-07-05,42507.6,61860.66,,,,
2023-07-06,42300.02,61558.57,,,,
2023-07-07,42326.22,61596.7,,,,
2023-07-10,42460.65,60756.7,,,,
2023-07-11,42445.99,59355.37,,,,
2023-07-12,42388.73,59704.39,,,,
2023-07-13,42398.84,61544.46,,,,
2023-07-14,42342.14,62431.99,,,,
2023-07-17,41930.04,63069.47,,,,
2023-07-18,41577.44,62713.8,,,,
2023-07-19,41077.45,62448.83,,,,
2023-07-20,40606.54,62535.45,,,,
2023-07-21,40045.05,63126.57,220700.0,-0.02809243316719534,8085.0,0.02809243316719534
2023-07-24,39652.23,64235.22,211150.0,-0.1539190149183045,13122.0,0.1539190149183045
2023-07-25,39471.31,65669.69,222050.0,-0.15627111011033556,15020.0,0.15627111011033556
2023-07-26,39385.47,65293.3,230900.0,-0.1522304027717627,14508.0,0.1522304027717627
2023-07-27,39143.18,64750.21,228050.0,-0.15150186362639773,15105.0,0.15150186362639773
2023-07-28,38766.16,64935.06,227450.0,-0.1409100901296988,14780.0,0.1409100901296988
2023-07-31,38724.53,65587.5,230600.0,-0.14353859496964438,15505.0,0.14353859496964438
2023-08-01,38252.13,65614.97,228450.0,-0.13591595535128032,15676.0,0.13591595535128032
2023-08-02,37391.75,65470.32,229000.0,-0.12838427947598252,15675.0,0.12838427947598252
2023-08-03,36897.81,65334.09,228250.0,-0.1253012048192771,16230.0,0.1253012048192771
2023-08-04,36559.89,65598.89,229700.0,-0.11754462342185457,16442.0,0.11754462342185457
2023-08-07,35639.35,65720.92,223450.0,-0.13269187737748933,18615.0,0.13269187737748933
2023-08-08,35084.8,65940.01,218300.0,-0.1282638570774164,20447.0,0.1282638570774164
2023-08-09,34415.08,65927.69,216800.0,-0.125,20194.0,0.125
2023-08-10,34162.26,65973.28,214400.0,-0.11543843283582089,23910.0,0.11543843283582089
2023-08-11,33714.7,65840.38,208300.0,-0.10513682189150264,25574.0,0.10513682189150264
2023-08-14,32978.99,65613.73,201550.0,-0.09377325725626395,31513.0,0.09377325725626395
2023-08-15,32154.78,65477.58,195350.0,-0.12004095213718968,35763.0,0.12004095213718968
2023-08-16,31483.99,65226.62,197350.0,-0.11350392703318979,34637.0,0.11350392703318979
2023-08-17,30962.5,65205.8,194500.0,-0.10359897172236499,37164.0,0.10359897172236499
2023-08-18,30803.77,66056.98,196300.0,-0.10799796230259806,34426.0,0.10799796230259806
2023-08-21,30786.91,67594.38,199900.0,-0.09754877438719356,32603.0,0.09754877438719356
2023-08-22,30820.65,68490.34,200250.0,-0.08614232209737827,32402.0,0.08614232209737827
2023-08-23,30776.39,67571.26,198450.0,-0.08717561098513482,33373.0,0.08717561098513482
2023-08-24,30841.77,67440.68,199950.0,-0.09202300575143785,32539.0,0.09202300575143785
2023-08-25,30555.06,67481.47,197250.0,-0.08897338403041821,35118.0,0.08897338403041821
2023-08-28,30135.75,68490.34,189700.0,-0.08618871903004743,40209.0,0.08618871903004743
2023-08-29,29360.23,68438.77,185200.0,-0.06074514038876888,41506.0,0.06074514038876888
2023-08-30,28844.31,68513.8,186350.0,-0.058760397102227024,42342.0,0.058760397102227024
2023-08-31,28472.48,68443.46,184450.0,-0.06072106261859578,42781.0,0.06072106261859578
2023-09-01,28238.5,68706.8,187950.0,-0.06544293695131687,42394.0,0.06544293695131687
2023-09-04,28207.49,70964.82,189800.0,-0.06849315068493156,42254.0,0.06849315068493156
2023-09-05,27845.22,71670.58,191000.0,-0.0709424083769633,42918.0,0.0709424083769633
2023-09-06,27389.59,71718.37,191100.0,-0.07718472004186294,44121.0,0.07718472004186294
2023-09-07,27130.57,71575.62,185700.0,-0.06946688206785134,47905.0,0.06946688206785134
2023-09-08,26814.57,71618.65,179150.0,-0.06670387943064471,55765.0,0.06670387943064471
2023-09-11,26328.65,72607.35,176800.0,-0.07607466063348411,58960.0,0.07607466063348411
2023-09-12,26132.88,73199.43,179550.0,-0.07797270955165692,62317.0,0.07797270955165692
2023-09-13,25834.5,71762.49,176850.0,-0.07548770144189987,64288.0,0.07548770144189987
2023-09-14,25847.41,71988.81,172000.0,-0.07441860465116279,72526.0,0.07441860465116279
2023-09-15,25408.17,71909.93,169100.0,-0.06652868125369604,74360.0,0.06652868125369604
2023-09-18,25081.21,71954.28,168950.0,-0.0719147676827464,78420.0,0.0719147676827464
2023-09-19,24629.53,71836.13,163100.0,-0.06407112201103615,89721.0,0.06407112201103615
2023-09-20,24128.5,71360.22,156000.0,-0.05288461538461542,98481.0,0.05288461538461542
2023-09-21,23701.21,71171.95,157050.0,-0.06717605858007003,95389.0,0.06717605858007003
2023-09-22,23479.95,71122.4,158250.0,-0.08278041074249609,96303.0,0.08278041074249609
2023-09-25,23366.08,71191.4,158400.0,-0.12310606060606055,99150.0,0.12310606060606055
2023-09-26,23192.68,71078.73,153000.0,-0.11339869281045756,107796.0,0.11339869281045756
2023-09-27,23054.68,70732.84,148350.0,-0.12200876306033026,106659.0,0.12200876306033026
2023-09-28,23031.11,70864.96,149700.0,-0.12692050768203078,100532.0,0.12692050768203078
2023-10-09,23073.88,72703.19,150550.0,-0.13052142145466628,106282.0,0.13052142145466628
2023-10-10,23121.23,72783.99,153000.0,-0.1333333333333333,113144.0,0.1333333333333333
2023-10-11,23118.07,72432.05,154200.0,-0.13683527885862512,118372.0,0.13683527885862512
2023-10-12,23151.63,72323.22,161100.0,-0.13780260707635006,119027.0,0.13780260707635006
2023-10-13,23273.59,72141.31,168600.0,-0.15421115065243174,108907.0,0.15421115065243174
2023-10-16,23610.01,71307.69,169350.0,-0.18305284912902275,114876.0,0.18305284912902275
2023-10-17,23603.57,71492.89,168500.0,-0.17507418397626118,120006.0,0.17507418397626118
2023-10-18,23701.21,71581.77,168100.0,-0.18322427126710294,122017.0,0.18322427126710294
2023-10-19,23654.04,71234.78,163100.0,-0.19374616799509503,128737.0,0.19374616799509503
2023-10-20,23516.1,71229.93,156350.0,-0.1781259993604093,136415.0,0.1781259993604093
2023-10-23,23313.2,71030.28,150350.0,-0.14566012637179915,142151.0,0.14566012637179915
2023-10-24,23223.09,70625.52,153050.0,-0.14995099640640308,142103.0,0.14995099640640308
2023-10-25,23054.68,69709.7,153700.0,-0.15452179570592062,146914.0,0.15452179570592062
2023-10-26,22897.95,69647.94,150250.0,-0.1510815307820299,155074.0,0.1510815307820299
2023-10-27,22763.21,69720.84,152100.0,-0.1709401709401709,157541.0,0.1709401709401709
2023-10-30,22629.99,69730.35,154450.0,-0.16736808028488181,157651.0,0.16736808028488181
2023-10-31,22495.19,69735.1,154850.0,-0.1775912173070714,160480.0,0.1775912173070714
2023-11-01,22351.24,69711.34,154600.0,-0.1833764553686934,166055.0,0.1833764553686934
2023-11-02,22216.47,69716.09,153800.0,-0.18628088426527956,169552.0,0.18628088426527956
2023-11-03,22021.03,69744.61,152700.0,-0.1781270464963982,176966.0,0.1781270464963982
2023-11-06,21913.91,70809.31,149000.0,-0.15704697986577176,195148.0,0.15704697986577176
2023-11-07,21723.34,70309.61,143800.0,-0.13282336578581366,207789.0,0.13282336578581366
2023-11-08,21466.88,70230.31,143100.0,-0.1390635918937806,200293.0,0.1390635918937806
2023-11-09,21226.19,70114.9,144600.0,-0.13969571230982014,201886.0,0.13969571230982014
2023-11-10,20926.51,69891.81,147500.0,-0.13118644067796614,193637.0,0.13118644067796614
2023-11-13,20782.63,69731.19,147200.0,-0.12771739130434778,193811.0,0.12771739130434778
2023-11-14,20518.99,69764.58,142800.0,-0.11869747899159666,196984.0,0.11869747899159666
2023-11-15,20459.62,69989.8,142800.0,-0.10924369747899154,208643.0,0.10924369747899154
2023-11-16,20261.55,68957.94,141450.0,-0.09932838458819371,217280.0,0.09932838458819371
2023-11-17,20239.01,68495.98,138800.0,-0.08465417867435154,218608.0,0.08465417867435154
2023-11-20,20365.32,68672.15,138600.0,-0.09884559884559885,226705.0,0.09884559884559885
2023-11-21,20135.64,69076.42,134050.0,-0.09324878776575907,233445.0,0.09324878776575907
2023-11-22,19847.65,68907.68,127600.0,-0.08581504702194354,238614.0,0.08581504702194354
2023-11-23,19483.24,68854.75,122900.0,-0.08096013018714399,238458.0,0.08096013018714399
2023-11-24,19252.23,68777.9,125400.0,-0.0797448165869219,249256.0,0.0797448165869219
2023-11-27,18896.87,68753.92,119050.0,-0.07223855522889544,273942.0,0.07223855522889544
2023-11-28,18624.44,68359.38,114250.0,-0.047702407002188196,276354.0,0.047702407002188196
2023-11-29,18478.34,67893.89,112750.0,-0.009756097560975618,315263.0,0.009756097560975618
2023-11-30,18342.2,67558.11,109100.0,-0.0009165902841430373,328597.0,0.0009165902841430373
2023-12-01,18171.65,66116.86,103550.0,0.00965717044905845,331785.0,-0.00965717044905845
2023-12-04,17903.35,66158.47,100050.0,0.007996001999000413,368476.0,-0.007996001999000413
2023-12-05,17592.85,66043.0,94600.0,-0.022198731501057112,389661.0,0.022198731501057112
2023-12-06,17074.36,65788.56,89500.0,0.0016787912702853625,388713.0,-0.0016787912702853625
2023-12-07,16787.41,64641.96,93000.0,-0.008000000000000007,418857.0,0.008000000000000007
2023-12-08,16524.89,63171.11,101700.0,-0.013579049466537318,400419.0,0.013579049466537318
2023-12-11,15967.57,62898.32,101850.0,-0.05475638051044085,308040.0,0.05475638051044085
2023-12-12,15569.4,62277.58,94150.0,-0.03781297904956571,323695.0,0.03781297904956571
2023-12-13,15142.88,62238.65,94450.0,-0.01665799062988027,323614.0,0.01665799062988027
2023-12-14,14896.15,62661.72,100850.0,0.009509509509509462,307327.0,-0.009509509509509462
2023-12-15,14656.59,62974.24,105150.0,0.023357664233576658,305461.0,-0.023357664233576658
2023-12-18,14413.66,62832.35,104250.0,0.02105778648383927,300576.0,-0.02105778648383927
2023-12-19,14249.79,61888.8,102300.0,0.023511755877938967,295884.0,-0.023511755877938967
2023-12-20,14122.91,61525.55,101900.0,0.026700251889168802,294119.0,-0.026700251889168802
2023-12-21,13961.61,61431.06,97850.0,0.029458179905313076,288409.0,-0.029458179905313076
2023-12-22,13884.04,62234.01,100650.0,0.04953076120959343,289256.0,-0.04953076120959343
2023-12-25,13841.31,62565.54,102250.0,0.04657113613101327,292814.0,-0.04657113613101327
2023-12-26,13757.94,63551.92,106150.0,0.04684418145956615,285088.0,-0.04684418145956615
2023-12-27,13538.98,63507.57,106100.0,0.04223968565815328,278206.0,-0.04223968565815328
2023-12-28,13591.14,63331.93,106200.0,0.04785397138628511,280042.0,-0.04785397138628511
2023-12-29,13615.48,62175.95,106650.0,0.06384039900249383,275608.0,-0.06384039900249383
2024-01-02,13567.63,61957.43,108200.0,0.0670611439842208,270011.0,-0.0670611439842208
2024-01-03,13529.74,60388.16,107650.0,0.05642787046123643,262088.0,-0.05642787046123643
2024-01-04,13510.88,58700.5,103850.0,0.042147516307074806,263432.0,-0.042147516307074806
2024-01-05,13433.38,58605.71,98750.0,0.016469377251672634,263577.0,-0.016469377251672634
2024-01-08,13429.09,57871.98,98400.0,0.05977382875605808,269911.0,-0.05977382875605808
2024-01-09,13378.86,56163.33,98200.0,0.0761643835616439,275159.0,-0.0761643835616439
2024-01-10,13350.76,55906.32,98400.0,0.05920344456404747,269889.0,-0.05920344456404747
2024-01-11,13371.4,55505.26,101850.0,0.08063660477453571,269835.0,-0.08063660477453571
2024-01-12,13398.33,55571.03,103650.0,0.06307692307692303,267518.0,-0.06307692307692303
2024-01-15,13390.68,55748.11,101950.0,0.0670103092783505,266413.0,-0.0670103092783505
2024-01-16,13403.52,55628.09,103400.0,0.06782253952065265,271350.0,-0.06782253952065265
2024-01-17,13377.51,55658.76,103600.0,0.06117290192113245,267949.0,-0.06117290192113245
2024-01-18,13375.65,55651.04,101850.0,0.06780538302277428,265155.0,-0.06780538302277428
2024-01-19,13377.51,55658.76,102050.0,0.06439979392065953,264567.0,-0.06439979392065953
2024-01-22,13381.22,55674.19,100350.0,0.06495547407019386,258211.0,-0.06495547407019386
2024-01-23,13421.23,55840.67,101400.0,0.06735751295336789,254276.0,-0.06735751295336789
2024-01-24,13417.5,55755.62,102350.0,0.0639386189258313,256351.0,-0.0639386189258313
2024-01-25,13442.92,55582.64,101600.0,0.059578839239856185,257143.0,-0.059578839239856185
2024-01-26,13409.11,55442.85,101550.0,0.06157003591585419,255720.0,-0.06157003591585419
2024-01-29,13439.18,55423.59,101550.0,0.06436663233779605,251200.0,-0.06436663233779605
2024-01-30,13448.52,55462.11,101550.0,0.07336108220603532,245616.0,-0.07336108220603532
2024-01-31,13441.05,55431.29,100000.0,0.05552672548002069,252537.0,-0.05552672548002069
2024-02-01,13486.47,55446.7,99300.0,0.056367432150313146,243025.0,-0.056367432150313146
2024-02-02,13482.72,55431.29,100400.0,0.06565919749869731,232551.0,-0.06565919749869731
2024-02-05,13452.82,55308.35,100550.0,0.0698280354351224,227930.0,-0.0698280354351224
2024-02-06,13452.82,55308.35,98250.0,0.05276907001044928,235841.0,-0.05276907001044928
2024-02-07,13466.82,55365.91,97750.0,0.05970149253731338,229732.0,-0.05970149253731338
2024-02-08,13448.16,55289.19,97150.0,0.060622317596566555,229545.0,-0.060622317596566555
2024-02-19,13434.82,54765.27,96050.0,0.07330415754923414,240334.0,-0.07330415754923414
2024-02-20,13409.38,54469.1,93650.0,0.058595909342177954,265448.0,-0.058595909342177954
2024-02-21,13359.55,53841.13,97550.0,0.010606060606060508,257584.0,-0.010606060606060508
2024-02-22,13331.76,52689.23,97600.0,0.0585106382978724,257467.0,-0.0585106382978724
2024-02-23,13341.93,51981.54,100350.0,0.057722308892355745,269553.0,-0.057722308892355745
2024-02-26,13394.59,51970.73,103150.0,0.05037783375314864,277530.0,-0.05037783375314864
2024-02-27,13458.07,51975.05,104400.0,0.0515000000000001,296726.0,-0.0515000000000001
2024-02-28,13580.74,51689.97,109150.0,0.04242135367016209,295528.0,-0.04242135367016209
2024-02-29,13793.39,50321.61,115100.0,0.046405823475887065,321349.0,-0.046405823475887065
2024-03-01,14206.51,50034.65,118700.0,0.03241349102058688,314503.0,-0.03241349102058688
2024-03-04,14691.41,49202.37,120150.0,0.01656754460492782,317200.0,-0.01656754460492782
2024-03-05,14899.1,49201.69,115350.0,0.02689376961004042,310341.0,-0.02689376961004042
2024-03-06,14897.24,49334.13,112700.0,0.017225747960108784,321525.0,-0.017225747960108784
2024-03-07,15036.86,49198.96,114150.0,0.030371713508612785,327010.0,-0.030371713508612785
2024-03-08,15103.81,48612.36,112700.0,0.03166590178981177,326896.0,-0.03166590178981177
2024-03-11,15157.61,48143.63,115100.0,0.03060306030603055,340353.0,-0.03060306030603055
2024-03-12,15291.37,48376.33,118350.0,0.028846153846153744,338758.0,-0.028846153846153744
2024-03-13,15407.89,48722.26,120550.0,0.02962644911979395,337413.0,-0.02962644911979395
2024-03-14,15569.52,48685.09,115800.0,0.004347826086956497,317440.0,-0.004347826086956497
2024-03-15,15558.73,48235.52,113500.0,0.00976042590949433,312896.0,-0.00976042590949433
2024-03-18,15602.69,47896.31,117100.0,-0.0017174753112924046,312633.0,0.0017174753112924046
2024-03-19,15599.45,47817.05,116050.0,-0.0008688097306689402,307963.0,0.0008688097306689402
2024-03-20,15596.85,47809.1,115800.0,0.0074138682948103884,308663.0,-0.0074138682948103884
2024-03-21,15597.07,48364.07,117500.0,0.0017174753112922936,314551.0,-0.0017174753112922936
2024-03-22,15537.64,49146.15,115000.0,0.0008756567425569628,305345.0,-0.0008756567425569628
2024-03-25,15571.34,49296.55,111200.0,-0.0045085662759242195,309921.0,0.0045085662759242195
2024-03-26,15271.5,48924.08,107850.0,0.01217228464419473,304060.0,-0.01217228464419473
2024-03-27,15150.05,48590.6,107550.0,0.010793054903801114,305065.0,-0.010793054903801114
2024-03-28,15150.05,48590.6,108350.0,0.01540616246498594,304681.0,-0.01540616246498594
2024-03-29,15148.17,48860.61,107900.0,0.015917602996254665,301064.0,-0.015917602996254665
2024-04-01,15151.1,48870.05,109750.0,0.026976744186046453,302565.0,-0.026976744186046453
2024-04-02,15265.97,49623.0,111550.0,0.014945652173913082,292090.0,-0.014945652173913082
2024-04-03,15307.32,50036.53,112300.0,0.011617515638963294,282580.0,-0.011617515638963294
2024-04-08,15429.29,53385.2,113650.0,0.017809439002671512,282979.0,-0.017809439002671512
2024-04-09,15445.72,51370.81,113650.0,0.014234875444839812,283302.0,-0.014234875444839812
2024-04-10,15626.08,51741.98,116050.0,0.026420079260237816,282621.0,-0.026420079260237816
2024-04-11,15610.57,52379.84,112750.0,0.01338090990187335,276098.0,-0.01338090990187335
2024-04-12,15541.65,52931.2,112350.0,0.01251117068811447,271717.0,-0.01251117068811447
2024-04-15,15540.15,54166.55,112400.0,0.013410818059901741,271626.0,-0.013410818059901741
2024-04-16,15369.35,53069.04,109100.0,0.02219140083217752,268363.0,-0.02219140083217752
2024-04-17,15365.11,52916.61,109200.0,0.023545706371191244,263032.0,-0.023545706371191244
2024-04-18,15372.1,53216.42,110050.0,0.021988089784700016,262602.0,-0.021988089784700016
2024-04-19,15345.83,53173.17,108150.0,0.02657342657342654,264043.0,-0.02657342657342654
2024-04-22,15344.99,53583.48,109000.0,0.026802218114602594,266274.0,-0.026802218114602594
2024-04-23,15321.16,53572.41,108950.0,0.023094688221708903,265418.0,-0.023094688221708903
2024-04-24,15319.05,53840.43,110550.0,0.022364217252396124,268944.0,-0.022364217252396124
2024-04-25,15380.49,54777.93,110900.0,0.022810218978102093,266002.0,-0.022810218978102093
2024-04-26,15313.78,55336.08,109700.0,0.02153000458085197,261900.0,-0.02153000458085197
2024-04-29,15309.14,55525.74,113900.0,0.01911111111111108,289851.0,-0.01911111111111108
2024-04-30,15384.72,55550.2,113250.0,0.015971606033717833,276761.0,-0.015971606033717833
2024-05-06,15452.8,55796.01,112000.0,0.022461814914645162,281666.0,-0.022461814914645162
2024-05-07,15463.42,55991.82,113900.0,0.03405017921146958,287478.0,-0.03405017921146958
2024-05-08,15445.27,56064.18,112550.0,0.024193548387096753,289713.0,-0.024193548387096753
2024-05-09,15391.62,56044.84,111850.0,0.019677996422182487,293436.0,-0.019677996422182487
2024-05-10,15342.76,56068.06,109450.0,0.022415370539798696,298966.0,-0.022415370539798696
2024-05-13,15137.51,56343.27,107200.0,0.037176470588235366,302623.0,-0.037176470588235366
2024-05-14,15062.32,56319.97,106300.0,0.03589985829003317,302378.0,-0.03589985829003317
2024-05-15,14855.51,55837.42,103600.0,0.05051495831289854,303976.0,-0.05051495831289854
2024-05-16,14803.34,55270.4,103900.0,0.04013539651837528,298301.0,-0.04013539651837528
2024-05-17,14774.52,55300.88,106000.0,0.04897765097479789,285986.0,-0.04897765097479789
2024-05-20,14780.16,55132.35,106700.0,0.04566854990583802,285093.0,-0.04566854990583802
2024-05-21,14736.29,53968.74,107250.0,0.04969526488513831,282785.0,-0.04969526488513831
2024-05-22,14732.23,53471.51,106900.0,0.043212775951150695,286518.0,-0.043212775951150695
2024-05-23,14668.01,53300.65,105200.0,0.05238095238095242,282825.0,-0.05238095238095242
2024-05-24,14661.95,52521.44,107000.0,0.048964218455743946,284945.0,-0.048964218455743946
2024-05-27,14660.94,52793.15,106800.0,0.05315145813734712,291216.0,-0.05315145813734712
2024-05-28,14633.41,52380.17,106350.0,0.047663992449268555,292720.0,-0.047663992449268555
2024-05-29,14620.65,51764.25,104900.0,0.052808449351896325,290462.0,-0.052808449351896325
2024-05-30,14585.08,51735.76,106200.0,0.05457997152349314,290321.0,-0.05457997152349314
2024-05-31,14597.43,50863.58,105700.0,0.05300859598853869,290748.0,-0.05300859598853869
2024-06-03,14446.65,51300.06,102850.0,0.06093366093366104,294706.0,-0.06093366093366104
2024-06-04,14296.14,50821.55,102300.0,0.053149606299212504,298695.0,-0.053149606299212504
2024-06-05,14050.17,49933.19,100350.0,0.05447276361819098,302933.0,-0.05447276361819098
2024-06-06,13953.1,50019.26,100450.0,0.050374064837905186,296589.0,-0.050374064837905186
2024-06-07,13928.85,50112.2,100750.0,0.04937655860349133,296018.0,-0.04937655860349133
2024-06-11,13801.02,50060.51,98250.0,0.030423940149626016,301070.0,-0.030423940149626016
2024-06-12,13673.49,49084.31,96700.0,0.05930892212480665,299277.0,-0.05930892212480665
2024-06-13,13666.02,49682.09,97900.0,0.06310928681375061,293681.0,-0.06310928681375061
2024-06-14,13536.93,49637.69,97200.0,0.05861182519280206,293689.0,-0.05861182519280206
2024-06-17,13421.34,51223.87,96300.0,0.058151609553478645,295014.0,-0.058151609553478645
2024-06-18,13355.42,50864.7,94500.0,0.06349206349206349,307187.0,-0.06349206349206349
2024-06-19,13117.55,49843.94,93500.0,0.06791443850267376,302128.0,-0.06791443850267376
2024-06-20,13037.44,49826.81,94150.0,0.06372809346787034,296646.0,-0.06372809346787034
2024-06-21,13028.31,49860.58,97550.0,0.06033101975440469,297993.0,-0.06033101975440469
2024-06-24,12798.32,49736.89,94100.0,0.07242339832869082,301896.0,-0.07242339832869082
2024-06-25,12611.97,49733.47,93000.0,0.0726859738784782,304777.0,-0.0726859738784782
2024-06-26,12593.9,49716.4,96350.0,0.07545106615636965,306583.0,-0.07545106615636965
2024-06-27,12586.13,49685.69,95500.0,0.0793825799338479,306775.0,-0.0793825799338479
2024-06-28,12556.09,49812.69,94200.0,0.09327303561334088,306774.0,-0.09327303561334088
2024-07-01,12444.6,49943.06,93300.0,0.10000000000000009,310062.0,-0.10000000000000009
2024-07-02,12446.31,50155.75,94850.0,0.09622960045019702,314614.0,-0.09622960045019702
2024-07-03,12406.9,49792.19,94400.0,0.0911136107986501,317538.0,-0.0911136107986501
2024-07-04,12450.61,49459.44,94750.0,0.08994413407821233,321627.0,-0.08994413407821233
2024-07-05,12424.02,49325.63,93900.0,0.08732394366197194,313469.0,-0.08732394366197194
2024-07-08,12424.02,49462.84,94000.0,0.08876404494382029,318058.0,-0.08876404494382029
2024-07-09,12412.86,49541.64,93900.0,0.09348441926345608,313602.0,-0.09348441926345608
2024-07-10,12392.33,49651.62,93100.0,0.08945868945868951,315132.0,-0.08945868945868951
2024-07-11,12316.15,49895.14,91850.0,0.10643274853801166,303605.0,-0.10643274853801166
2024-07-12,12328.64,49657.96,91650.0,0.04891606448026686,304447.0,-0.04891606448026686
2024-07-15,12286.58,49517.19,89650.0,0.05470085470085473,316153.0,-0.05470085470085473
2024-07-16,12082.21,49249.24,88250.0,0.057358053302433376,310558.0,-0.057358053302433376
2024-07-17,11985.78,49260.41,88000.0,0.05330243337195828,315568.0,-0.05330243337195828
2024-07-18,11884.47,49489.98,87300.0,0.059098888238736214,313613.0,-0.059098888238736214
2024-07-19,11859.5,49414.57,89000.0,0.05814622913068512,313214.0,-0.05814622913068512
2024-07-22,11846.94,49390.85,88750.0,0.05402298850574705,311378.0,-0.05402298850574705
2024-07-23,11841.26,49504.27,88850.0,0.05628948879954043,305438.0,-0.05628948879954043
2024-07-24,11777.13,49631.19,87200.0,0.05493863237872598,304177.0,-0.05493863237872598
2024-07-25,11648.34,49901.84,86150.0,0.052538370720188965,303123.0,-0.052538370720188965
2024-07-26,11678.96,50033.03,86900.0,0.04789719626168232,307284.0,-0.04789719626168232
2024-07-29,11583.62,49978.0,84700.0,0.04850299401197611,319327.0,-0.04850299401197611
2024-07-30,11318.99,50070.06,81900.0,0.05093167701863344,326462.0,-0.05093167701863344
2024-07-31,11316.28,50647.24,82750.0,0.05816831683168311,317487.0,-0.05816831683168311
2024-08-01,11302.33,51669.76,81750.0,0.04261890055589879,330187.0,-0.04261890055589879
2024-08-02,11121.66,51272.52,80700.0,0.028994447871684148,321314.0,-0.028994447871684148
2024-08-05,11233.6,52051.35,81150.0,0.05068836045056324,309292.0,-0.05068836045056324
2024-08-06,11217.95,52118.17,81500.0,0.05499999999999994,300146.0,-0.05499999999999994
2024-08-07,11185.15,51821.76,80650.0,0.048336472065285685,303205.0,-0.048336472065285685
2024-08-08,11164.29,51821.76,79400.0,0.03656998738965944,311853.0,-0.03656998738965944
2024-08-09,11154.2,51983.43,78650.0,0.042838874680307004,313737.0,-0.042838874680307004
2024-08-12,10870.62,52023.2,76900.0,0.04259501965923995,322871.0,-0.04259501965923995
2024-08-13,10849.92,52685.72,76650.0,0.04768211920529808,318642.0,-0.04768211920529808
2024-08-14,10801.95,53417.02,74800.0,0.041077441077441046,328393.0,-0.041077441077441046
2024-08-15,10517.87,53182.58,72650.0,0.04586518415566365,327448.0,-0.04586518415566365
2024-08-16,10450.1,53501.2,73250.0,0.04554865424430643,324890.0,-0.04554865424430643
2024-08-19,10423.5,54210.56,72800.0,0.04576976421636614,329769.0,-0.04576976421636614
2024-08-20,10446.09,54537.83,73950.0,0.04172366621067036,331875.0,-0.04172366621067036
2024-08-21,10467.07,54607.75,76700.0,0.04890945142101777,331728.0,-0.04890945142101777
2024-08-22,10472.73,54755.24,76400.0,0.041639127561136746,329435.0,-0.041639127561136746
2024-08-23,10363.6,54853.79,74150.0,0.040163376446562316,327981.0,-0.040163376446562316
2024-08-26,10403.96,56086.04,74150.0,0.04495912806539515,331899.0,-0.04495912806539515
2024-08-27,10400.34,56620.94,75650.0,0.04825737265415553,334823.0,-0.04825737265415553
2024-08-28,10397.7,56224.62,75500.0,0.0461847389558232,341022.0,-0.0461847389558232
2024-08-29,10393.34,56340.99,76550.0,0.04638833664678588,353310.0,-0.04638833664678588
2024-08-30,10481.36,57324.3,78250.0,0.054758800521512496,353352.0,-0.054758800521512496
2024-09-02,10487.64,58303.71,76550.0,0.034776902887139194,353212.0,-0.034776902887139194
2024-09-03,10378.42,58163.98,74600.0,0.04054054054054057,358015.0,-0.04054054054054057
2024-09-04,10347.48,59548.83,74000.0,0.03382949932341006,360539.0,-0.03382949932341006
2024-09-05,10315.93,60000.84,72250.0,0.03986013986013992,374473.0,-0.03986013986013992
2024-09-06,10216.86,61357.46,70750.0,0.040627227369921526,372675.0,-0.040627227369921526
2024-09-09,10141.92,62185.04,71350.0,0.04329311568488281,374473.0,-0.04329311568488281
2024-09-10,10152.75,59206.84,72700.0,0.04181184668989557,384953.0,-0.04181184668989557
2024-09-11,10288.04,57747.56,76650.0,0.0767123287671232,414889.0,-0.0767123287671232
2024-09-12,10335.41,57909.11,77300.0,0.03524804177545682,413174.0,-0.03524804177545682
2024-09-13,10420.47,57852.51,77150.0,0.027255029201816994,406456.0,-0.027255029201816994
2024-09-18,10445.81,58274.4,75650.0,0.03583278035832782,402572.0,-0.03583278035832782
2024-09-19,10395.32,58399.08,75150.0,0.02796271637816239,403000.0,-0.02796271637816239
2024-09-20,10490.89,59735.89,75250.0,0.03466666666666662,400723.0,-0.03466666666666662
2024-09-23,10472.24,60286.15,75150.0,0.03268845897264838,399861.0,-0.03268845897264838
2024-09-24,10487.93,60496.41,76150.0,0.03230059327620305,418907.0,-0.03230059327620305
2024-09-25,10674.13,60406.21,77850.0,0.032903225806451664,429465.0,-0.032903225806451664
2024-09-26,10650.98,60315.34,76350.0,0.0341655716162943,425361.0,-0.0341655716162943
2024-09-27,10762.57,60971.27,77650.0,0.02962009014810052,428706.0,-0.02962009014810052
2024-09-30,10756.89,60858.56,79300.0,0.04217252396166127,439908.0,-0.04217252396166127
2024-10-08,10922.12,61644.61,80650.0,0.04140526976160608,444168.0,-0.04140526976160608
2024-10-09,10870.64,61482.64,76850.0,0.03853690398432397,443950.0,-0.03853690398432397
2024-10-10,10842.0,61149.15,76350.0,0.03803278688524592,452963.0,-0.03803278688524592
2024-10-11,10776.11,60893.1,73950.0,0.02807486631016043,443793.0,-0.02807486631016043
2024-10-14,10696.81,60147.51,73650.0,0.04132791327913288,466819.0,-0.04132791327913288
2024-10-15,10639.05,60020.55,73400.0,0.048630136986301364,454502.0,-0.048630136986301364
2024-10-16,10561.7,59882.34,72300.0,0.04561161022805815,462475.0,-0.04561161022805815
2024-10-17,10469.66,59496.28,70350.0,0.04190340909090917,463539.0,-0.04190340909090917
2024-10-18,10320.18,58712.25,73750.0,0.039034776437189445,459026.0,-0.039034776437189445
2024-10-21,10331.89,59671.91,73300.0,0.043571428571428594,468682.0,-0.043571428571428594
2024-10-22,10276.71,59264.45,73050.0,0.043165467625899234,473245.0,-0.043165467625899234
2024-10-23,10305.74,59189.81,74500.0,0.04661016949152552,469913.0,-0.04661016949152552
2024-10-24,10269.7,59404.55,74050.0,0.04387827317763615,463666.0,-0.04387827317763615
2024-10-25,10273.44,59286.04,74900.0,0.04491228070175435,458439.0,-0.04491228070175435
2024-10-28,10292.99,59156.7,76350.0,0.04410751206064778,438193.0,-0.04410751206064778
2024-10-29,10360.27,59601.26,76000.0,0.044260027662517354,434051.0,-0.044260027662517354
2024-10-30,10338.07,59284.66,73850.0,0.04480796586059754,419332.0,-0.04480796586059754
2024-10-31,10322.13,59313.73,74500.0,0.03419399860432648,402669.0,-0.03419399860432648
2024-11-01,10340.96,59301.27,76450.0,0.022926500337154376,396330.0,-0.022926500337154376
2024-11-04,10461.51,59740.0,76850.0,0.010589013898080646,398203.0,-0.010589013898080646
2024-11-05,10520.18,59583.96,77600.0,0.00982318271119853,397721.0,-0.00982318271119853
2024-11-06,10494.99,59441.29,76100.0,0.007989347536617952,385293.0,-0.007989347536617952
2024-11-07,10407.41,58806.38,76300.0,0.01810865191146882,390805.0,-0.01810865191146882
2024-11-08,10530.73,59148.04,77600.0,0.009162303664921545,391023.0,-0.009162303664921545
2024-11-11,10493.25,58928.99,78500.0,0.038512616201859196,451388.0,-0.038512616201859196
2024-11-12,10603.15,58614.54,81300.0,0.027972027972027913,466845.0,-0.027972027972027913
2024-11-13,10809.76,58126.68,84300.0,0.018181818181818077,518502.0,-0.018181818181818077
2024-11-14,10886.35,57913.46,84300.0,-0.0005927682276229973,489080.0,0.0005927682276229973
2024-11-15,10847.54,57890.31,79550.0,0.0031525851197982124,473756.0,-0.0031525851197982124
2024-11-18,10816.06,57837.34,79500.0,0.005056890012642201,477119.0,-0.005056890012642201
2024-11-19,10861.92,57792.31,81950.0,0.006756756756756799,495165.0,-0.006756756756756799
2024-11-20,10893.38,56155.0,82500.0,0.004260499087035852,499992.0,-0.004260499087035852
2024-11-21,10933.33,56319.02,82900.0,0.0060679611650484855,496144.0,-0.0060679611650484855
2024-11-22,10889.77,56445.06,80000.0,0.0056568196103079504,487018.0,-0.0056568196103079504
2024-11-25,10897.27,57241.65,80400.0,0.006257822277847325,482934.0,-0.006257822277847325
2024-11-26,10850.28,56933.04,79100.0,0.003170577045022105,482288.0,-0.003170577045022105
2024-11-27,10814.23,56685.29,78700.0,0.005750798722044648,472131.0,-0.005750798722044648
2024-11-28,10766.6,56793.15,78050.0,0.0045045045045044585,468891.0,-0.0045045045045044585
2024-11-29,10771.79,56958.28,78800.0,0.007672634271099765,478102.0,-0.007672634271099765
2024-12-02,10780.04,56856.46,78600.0,0.004472843450479269,476654.0,-0.004472843450479269
2024-12-03,10712.87,56678.94,78250.0,0.00449293966623876,469689.0,-0.00449293966623876
2024-12-04,10700.54,56722.43,77400.0,0.0038910505836575737,457340.0,-0.0038910505836575737
2024-12-05,10575.84,56514.22,76350.0,0.003285151116951379,448095.0,-0.003285151116951379
2024-12-06,10557.82,56564.66,76600.0,0.003931847968545288,441009.0,-0.003931847968545288
2024-12-09,10483.76,56461.56,76200.0,-0.001310615989515096,431792.0,0.001310615989515096
2024-12-10,10527.83,56381.94,77450.0,-0.0076873798846892605,431889.0,0.0076873798846892605
2024-12-11,10531.46,56475.02,76600.0,-0.012886597938144284,429829.0,0.012886597938144284
2024-12-12,10511.93,56370.33,76900.0,0.005886200130804431,422291.0,-0.005886200130804431
2024-12-13,10481.98,56251.46,76200.0,0.04921259842519676,411237.0,-0.04921259842519676
2024-12-16,10422.81,55885.46,75700.0,0.044914134742404244,402940.0,-0.044914134742404244
2024-12-17,10392.56,55317.46,78140.0,0.04327050703477564,391924.0,-0.04327050703477564
2024-12-18,10388.56,54990.21,77660.0,0.041577825159914816,389786.0,-0.041577825159914816
2024-12-19,10318.72,54190.36,76740.0,0.04346652267818585,373837.0,-0.04346652267818585
2024-12-20,10325.55,53643.67,77480.0,0.045564191905655305,367766.0,-0.045564191905655305
2024-12-23,10330.49,54147.92,77480.0,0.04467629748528634,367281.0,-0.04467629748528634
2024-12-24,10330.97,54524.58,77860.0,0.046194926568758454,370004.0,-0.046194926568758454
2024-12-25,10333.09,54672.44,77480.0,0.043361884368308345,366959.0,-0.043361884368308345
2024-12-26,10333.09,54672.44,77680.0,0.04552758435993565,361340.0,-0.04552758435993565
2024-12-27,10322.73,54380.5,77420.0,0.046505376344085914,365291.0,-0.046505376344085914
2024-12-30,10253.71,54376.78,77600.0,0.05204962243797184,374830.0,-0.05204962243797184
2024-12-31,10257.36,54396.11,77360.0,0.05679347826086967,376499.0,-0.05679347826086967
2025-01-02,10261.95,54384.21,77860.0,0.059285327558202594,363731.0,-0.059285327558202594
2025-01-03,10232.52,54373.07,76500.0,0.05488803932277442,353761.0,-0.05488803932277442
2025-01-06,10292.86,54595.71,78140.0,0.04829242262540023,344074.0,-0.04829242262540023
2025-01-07,10266.84,54634.03,78540.0,0.051857792034215366,369576.0,-0.051857792034215366
2025-01-08,10272.25,54422.51,77900.0,0.04166666666666674,360037.0,-0.04166666666666674
2025-01-09,10270.15,54411.4,77900.0,0.04158890962410022,358761.0,-0.04158890962410022
2025-01-10,10298.06,54483.12,77800.0,0.04054414510536142,356643.0,-0.04054414510536142
2025-01-13,10334.18,54970.47,78720.0,0.04169965690155708,358825.0,-0.04169965690155708
2025-01-14,10386.48,55163.31,79280.0,0.04687911509086118,379157.0,-0.04687911509086118
2025-01-15,10482.42,55643.23,80160.0,0.059570059570059675,409729.0,-0.059570059570059675
2025-01-16,10521.81,55771.69,79920.0,0.05792207792207793,401317.0,-0.05792207792207793
2025-01-17,10589.82,55635.66,80700.0,0.057231245166279976,412759.0,-0.057231245166279976
2025-01-20,10604.39,55712.2,80500.0,0.05469953775038516,416963.0,-0.05469953775038516
2025-01-21,10681.91,56563.41,79260.0,0.051988562516246395,405999.0,-0.051988562516246395
2025-01-22,10675.06,56906.22,79000.0,0.05171062940715587,397147.0,-0.05171062940715587
2025-01-23,10679.72,56894.52,79520.0,0.04842050750906268,393822.0,-0.04842050750906268
2025-01-24,10657.66,56776.98,79400.0,0.04763137457934241,383780.0,-0.04763137457934241
2025-01-27,10687.25,57007.84,79420.0,0.04525471942073955,378934.0,-0.04525471942073955
2025-02-05,10637.28,56850.87,78420.0,0.045181509532514985,383719.0,-0.045181509532514985
2025-02-06,10590.93,57613.0,77600.0,0.04716732542819502,392359.0,-0.04716732542819502
2025-02-07,10582.08,58180.92,78060.0,0.05401844532279321,381758.0,-0.05401844532279321
2025-02-10,10534.87,59877.38,78440.0,0.05852886896915366,380520.0,-0.05852886896915366
2025-02-11,10463.74,59314.98,77620.0,0.049907578558225474,385500.0,-0.049907578558225474
2025-02-12,10447.94,59439.32,77640.0,0.050171639820438374,385602.0,-0.050171639820438374
2025-02-13,10433.58,59230.55,77540.0,0.05130917746627883,388081.0,-0.05130917746627883
2025-02-14,10447.07,59462.64,76980.0,0.04549061094948437,393486.0,-0.04549061094948437
2025-02-17,10470.27,59643.38,76960.0,0.05103668261562988,385111.0,-0.05103668261562988
2025-02-18,10454.85,59585.1,77200.0,0.05843116328708642,383245.0,-0.05843116328708642
2025-02-19,10448.5,59470.79,77420.0,0.05904255319148932,380254.0,-0.05904255319148932
2025-02-20,10442.24,60897.08,77320.0,0.05774348057477385,375818.0,-0.05774348057477385
2025-02-21,10476.43,60739.88,76880.0,0.0607764390896921,388682.0,-0.0607764390896921
2025-02-24,10439.46,61590.76,76540.0,0.05901287553648071,388719.0,-0.05901287553648071
2025-02-25,10429.84,61836.97,76860.0,0.05797488645471538,375632.0,-0.05797488645471538
2025-02-26,10419.25,61896.51,76220.0,0.05842757135164245,389482.0,-0.05842757135164245
2025-02-27,10349.28,61669.89,76020.0,0.05856950067476374,384946.0,-0.05856950067476374
2025-02-28,10284.75,60723.76,75580.0,0.05579631635969662,400492.0,-0.05579631635969662
2025-03-03,10287.95,60892.08,75500.0,0.050660199407167816,391707.0,-0.050660199407167816
2025-03-04,10260.38,60302.81,75280.0,0.05021598272138239,387902.0,-0.05021598272138239
2025-03-05,10275.67,60542.0,75340.0,0.05567626290059757,379344.0,-0.05567626290059757
2025-03-06,10307.5,60660.73,75960.0,0.05718910169948743,371208.0,-0.05718910169948743
2025-03-07,10330.78,60635.68,76520.0,0.05485683703505484,373886.0,-0.05485683703505484
2025-03-10,10337.89,60952.93,76100.0,0.05658852061438968,372409.0,-0.05658852061438968
2025-03-11,10290.3,60999.9,75660.0,0.05384199134199141,372361.0,-0.05384199134199141
2025-03-12,10330.18,61305.27,75820.0,0.052105831533477254,372868.0,-0.052105831533477254
2025-03-13,10300.83,61322.64,75460.0,0.05119176598049835,374924.0,-0.05119176598049835
2025-03-14,10304.67,61263.54,75720.0,0.03232644409114993,373880.0,-0.03232644409114993
2025-03-17,10337.31,61485.59,76120.0,0.032998944033791,377358.0,-0.032998944033791
2025-03-18,10359.44,61425.06,75780.0,0.030190677966101642,382184.0,-0.030190677966101642
2025-03-19,10337.31,61347.58,75380.0,0.03301384451544198,379904.0,-0.03301384451544198
2025-03-20,10271.66,61326.42,73780.0,0.034810987217840594,395206.0,-0.034810987217840594
2025-03-21,10217.69,61127.38,73080.0,0.03231106243154436,391937.0,-0.03231106243154436
2025-03-24,10183.89,61020.86,73560.0,0.03217011995637953,382039.0,-0.03217011995637953
2025-03-25,10176.2,60768.78,73960.0,0.028207214537564473,374287.0,-0.028207214537564473
2025-03-26,10178.99,60442.05,74200.0,0.02626590847549415,366463.0,-0.02626590847549415
2025-03-27,10192.46,60427.73,74500.0,0.02206080172181868,367970.0,-0.02206080172181868
2025-03-28,10183.06,60562.78,74260.0,0.024554776038855808,367153.0,-0.024554776038855808
2025-03-31,10171.54,61097.98,74000.0,0.028153762858689868,362587.0,-0.028153762858689868
2025-04-01,10182.49,60737.65,74380.0,0.0255857796929706,355825.0,-0.0255857796929706
2025-04-02,10165.03,60633.5,73900.0,0.02730467693971339,366192.0,-0.02730467693971339
2025-04-03,10113.87,60491.6,73260.0,0.028712059064807116,362218.0,-0.028712059064807116
2025-04-07,9912.89,60487.72,71300.0,0.022471910112359605,343692.0,-0.022471910112359605
2025-04-08,9841.1,59875.76,70640.0,0.022836199605300145,346849.0,-0.022836199605300145
2025-04-09,9678.86,59103.42,69480.0,0.03120485408841378,334956.0,-0.03120485408841378
2025-04-10,9740.83,58512.88,70640.0,0.03156098947967023,329983.0,-0.03156098947967023
2025-04-11,9773.68,58423.65,70180.0,0.022177992607335772,326331.0,-0.022177992607335772
2025-04-14,9780.35,58600.15,70840.0,0.022855530474040542,321690.0,-0.022855530474040542
2025-04-15,9764.85,58684.65,70680.0,0.024086143383394765,323050.0,-0.024086143383394765
2025-04-16,9746.23,58027.87,70780.0,0.01977959875671087,324289.0,-0.01977959875671087
2025-04-17,9760.86,57569.27,70420.0,0.020986954055587148,321270.0,-0.020986954055587148
2025-04-18,9764.53,56851.57,70080.0,0.018476407049459853,322559.0,-0.018476407049459853
2025-04-21,9687.83,56882.67,69020.0,0.021965317919075078,347511.0,-0.021965317919075078
2025-04-22,9619.06,56634.97,68200.0,0.02134502923976611,369384.0,-0.02134502923976611
2025-04-23,9547.14,56095.43,68260.0,0.019303890026323378,365876.0,-0.019303890026323378
2025-04-24,9563.81,55959.94,68400.0,0.019539224263633637,364676.0,-0.019539224263633637
2025-04-25,9550.78,55553.28,68400.0,0.018972562755399824,362961.0,-0.018972562755399824
2025-04-28,9421.44,56104.44,67360.0,0.019804906887378015,393166.0,-0.019804906887378015
2025-04-29,9339.34,55899.18,66480.0,0.023766546329723193,394193.0,-0.023766546329723193
2025-04-30,9317.54,56357.73,66260.0,0.026339691189827485,388360.0,-0.026339691189827485
2025-05-06,9250.58,56799.38,65460.0,0.01823708206686936,407535.0,-0.01823708206686936
2025-05-07,9210.13,57071.0,64780.0,0.023772769373263447,437294.0,-0.023772769373263447
2025-05-08,8990.45,57594.0,63880.0,0.025423728813559254,433977.0,-0.025423728813559254
2025-05-09,8985.5,58250.82,63700.0,0.020369790034471924,468568.0,-0.020369790034471924
2025-05-12,8913.3,58364.15,63660.0,0.02259887005649719,466523.0,-0.02259887005649719
2025-05-13,8941.67,60556.99,63300.0,0.02689873417721511,484211.0,-0.02689873417721511
2025-05-14,8956.75,60080.85,64740.0,0.022242817423540284,465422.0,-0.022242817423540284
2025-05-15,8964.39,60039.29,64500.0,0.02641392169049106,480821.0,-0.02641392169049106
2025-05-16,8930.3,60089.16,62600.0,0.025886864813039256,550105.0,-0.025886864813039256
2025-05-19,8814.66,59986.72,61400.0,0.04234527687296419,566765.0,-0.04234527687296419
2025-05-20,8745.13,59038.24,60740.0,0.038764783180026186,578509.0,-0.038764783180026186
2025-05-21,8715.06,59229.26,61120.0,0.04019607843137263,571450.0,-0.04019607843137263
2025-05-22,8734.38,59360.54,61980.0,0.03979294726625682,555870.0,-0.03979294726625682
2025-05-23,8727.73,59384.56,61520.0,0.036109303838646634,574843.0,-0.036109303838646634
2025-05-26,8689.61,60479.67,60400.0,0.03364116094986813,585095.0,-0.03364116094986813
2025-05-27,8609.32,60334.65,60740.0,0.024358130348913765,567772.0,-0.024358130348913765
2025-05-28,8528.05,60250.99,60200.0,0.015583554376657816,569527.0,-0.015583554376657816
2025-05-29,8436.54,60191.73,59080.0,0.02033209081667242,594597.0,-0.02033209081667242
2025-05-30,8422.95,60778.46,59740.0,0.01306095110515737,573701.0,-0.01306095110515737
2025-06-03,8355.74,60693.4,59560.0,0.01205222631402747,585875.0,-0.01205222631402747
2025-06-04,8366.89,60824.89,60360.0,0.01792233654165276,578740.0,-0.01792233654165276
2025-06-05,8364.02,61340.74,60300.0,0.01256613756613767,578419.0,-0.01256613756613767
2025-06-06,8365.18,62391.44,60800.0,0.022178086726249546,565526.0,-0.022178086726249546
2025-06-09,8357.03,62140.23,60660.0,0.01651800462504127,563120.0,-0.01651800462504127
2025-06-10,8380.78,62213.58,60880.0,0.00721548048540499,555779.0,-0.00721548048540499
2025-06-11,8397.53,61766.95,61520.0,0.010114192495921603,562980.0,-0.010114192495921603
2025-06-12,8410.18,61568.33,60860.0,0.013902681231380276,578848.0,-0.013902681231380276
2025-06-13,8424.2,61254.25,60200.0,0.009669889963321188,597958.0,-0.009669889963321188
2025-06-16,8401.03,61653.82,59420.0,-0.004326123128119752,615599.0,0.004326123128119752
2025-06-17,8396.42,61254.25,59820.0,-0.003982741453700589,612829.0,0.003982741453700589
2025-06-18,8387.1,60908.78,60160.0,-0.0016528925619834212,604974.0,0.0016528925619834212
2025-06-19,8381.86,61078.76,60060.0,-0.0009937065253394772,598148.0,0.0009937065253394772
2025-06-20,8391.8,61688.09,59580.0,-0.007641196013289053,647277.0,0.007641196013289053
2025-06-23,8322.92,61640.98,58900.0,-0.014710799063858193,656617.0,0.014710799063858193
2025-06-24,8325.8,61852.8,60300.0,-0.0009907529722589237,631536.0,0.0009907529722589237
2025-06-25,8376.82,61921.66,60800.0,-0.004249754821837204,630554.0,0.004249754821837204
2025-06-26,8428.96,61895.82,61260.0,0.0003258390355165286,619950.0,-0.0003258390355165286
2025-06-27,8509.01,61852.08,62740.0,0.003513254551261502,615022.0,-0.003513254551261502
2025-06-30,8534.63,61886.53,62680.0,-0.00031806615776086566,596987.0,0.00031806615776086566
2025-07-01,8544.74,61959.86,61980.0,-0.0016097875080489654,592395.0,0.0016097875080489654
2025-07-02,8580.97,61869.3,63500.0,-0.002200565859792558,589634.0,0.002200565859792558
2025-07-03,8643.61,61938.9,63760.0,-0.003441802252815984,603359.0,0.003441802252815984
2025-07-04,8669.03,62060.81,63660.0,-0.005319148936170248,592838.0,0.005319148936170248
2025-07-07,8705.64,62769.66,63440.0,-0.007521153243497336,591177.0,0.007521153243497336
2025-07-08,8742.79,63103.76,64300.0,-0.0024875621890547706,599714.0,0.0024875621890547706
2025-07-09,8796.55,63090.61,64460.0,-0.0021739130434782483,585066.0,0.0021739130434782483
2025-07-10,8840.89,62990.49,64460.0,-0.0024775472282440036,591900.0,0.0024775472282440036
2025-07-11,8852.32,63320.14,64100.0,0.003124023742580473,600972.0,-0.003124023742580473
2025-07-14,8997.91,66109.95,66520.0,-0.006586826347305341,635053.0,0.006586826347305341
2025-07-15,9025.8,64877.27,66160.0,-0.003918022905364693,622936.0,0.003918022905364693
2025-07-16,9023.97,64814.17,66320.0,-0.007500750075007501,619618.0,0.007500750075007501
2025-07-17,9022.71,66333.26,68040.0,-0.007653812187224052,637419.0,0.007653812187224052
2025-07-18,9256.3,66453.72,69520.0,-0.01781097385808672,660768.0,0.01781097385808672
2025-07-21,9450.35,66777.85,70960.0,-0.016361071932298965,677768.0,0.016361071932298965
2025-07-22,9612.58,66634.21,72320.0,-0.00890125173852574,718301.0,0.00890125173852574
2025-07-23,9802.42,69013.5,71520.0,-0.02850027670171551,691312.0,0.02850027670171551
2025-07-24,9841.81,73586.85,74560.0,-0.004080522306855294,816142.0,0.004080522306855294
2025-07-25,10155.32,71533.05,79460.0,-0.02628918099089994,908178.0,0.02628918099089994
2025-07-28,10283.17,72636.19,75280.0,-0.006742179072276144,800394.0,0.006742179072276144
2025-07-29,10164.66,72326.83,70300.0,-0.0011422044545973398,721541.0,0.0011422044545973398
2025-07-30,10143.92,73906.7,71620.0,0.0016787912702853625,726914.0,-0.0016787912702853625
2025-07-31,9984.05,73285.72,67840.0,0.008247422680412342,699164.0,-0.008247422680412342
2025-08-01,9880.77,73534.5,68860.0,0.015186915887850372,696107.0,-0.015186915887850372
2025-08-04,9901.47,73966.14,69500.0,0.0008630609896431718,701824.0,-0.0008630609896431718
2025-08-05,9893.7,74063.78,68540.0,0.007038123167155463,690060.0,-0.007038123167155463
2025-08-06,9844.6,73262.11,68620.0,0.016224188790560534,713116.0,-0.016224188790560534
2025-08-07,9872.94,72693.19,71440.0,0.026000000000000023,741254.0,-0.026000000000000023
2025-08-08,9984.72,72420.5,75000.0,0.012675296655879187,782023.0,-0.012675296655879187
2025-08-11,10345.07,73387.49,80900.0,0.04402677651905251,783699.0,-0.04402677651905251
2025-08-12,10826.57,73773.34,85620.0,0.03410475030450666,836361.0,-0.03410475030450666
2025-08-13,11250.78,74032.92,85060.0,-0.026224982746721914,875577.0,0.026224982746721914
2025-08-14,11402.35,74880.07,85000.0,-0.0037682524729156786,874921.0,0.0037682524729156786
2025-08-15,11486.91,77435.93,85260.0,-0.0007045561296383784,894334.0,0.0007045561296383784
2025-08-18,11747.55,81580.23,89140.0,0.0004492362982928544,918292.0,-0.0004492362982928544
2025-08-19,11896.99,87943.36,88020.0,-0.002043596730245234,901416.0,0.002043596730245234
2025-08-20,11894.52,86745.32,82900.0,0.0012115338017930632,841337.0,-0.0012115338017930632
2025-08-21,11844.03,87857.09,82600.0,-0.0017023346303501885,820203.0,0.0017023346303501885
2025-08-22,11651.97,86452.33,79620.0,-0.012475049900199653,789520.0,0.012475049900199653
2025-08-25,11485.45,87011.0,79620.0,-0.010986267166042452,788716.0,0.010986267166042452
2025-08-26,11389.93,84344.07,79040.0,-0.0042994436014163195,761026.0,0.0042994436014163195
2025-08-27,11388.06,84293.97,80000.0,-0.00425638457686528,757922.0,0.00425638457686528
2025-08-28,11160.09,84258.69,76880.0,-0.009076763485477146,744733.0,0.009076763485477146
2025-08-29,11138.46,83555.92,77680.0,-0.003864983251739229,744380.0,0.003864983251739229
2025-09-01,10958.96,83923.13,75880.0,-0.008909853249475908,741853.0,0.008909853249475908
2025-09-02,10830.22,83986.64,74180.0,-0.013870365430781573,761420.0,0.013870365430781573
2025-09-03,10606.63,83846.9,72660.0,-0.0057377049180328266,763953.0,0.0057377049180328266
2025-09-04,10475.74,83317.04,73240.0,0.0,777956.0,-0.0
2025-09-05,10443.74,81035.01,74140.0,-0.005359056806002127,811867.0,0.005359056806002127
2025-09-08,10435.9,81137.04,74860.0,0.008625336927223781,807874.0,-0.008625336927223781
2025-09-09,10441.74,78732.99,74340.0,-0.0018852679773767589,806377.0,0.0018852679773767589
2025-09-10,10277.18,78355.65,70120.0,0.006307339449541205,796180.0,-0.006307339449541205
2025-09-11,10207.51,77344.51,70660.0,0.002259887005649608,778508.0,-0.002259887005649608
2025-09-12,10151.47,80216.9,71040.0,0.004795486600846166,761900.0,-0.004795486600846166
2025-09-15,10145.64,81571.21,72240.0,0.003603104212860364,761248.0,-0.003603104212860364
2025-09-16,10209.23,81071.23,73620.0,0.005714285714285783,754858.0,-0.005714285714285783
2025-09-17,10262.92,79620.07,73420.0,0.003820960698689868,750058.0,-0.003820960698689868
2025-09-18,10303.86,79961.84,72780.0,0.003029468465987284,732100.0,-0.003029468465987284
2025-09-19,10302.78,79899.07,73460.0,0.003818876159301654,734905.0,-0.003818876159301654
2025-09-22,10350.97,80803.41,73780.0,0.003801248981808225,724411.0,-0.003801248981808225
2025-09-23,10357.35,80853.27,73460.0,0.0051940951339530805,704420.0,-0.0051940951339530805
2025-09-24,10355.61,79577.64,73360.0,0.003002183406113579,714619.0,-0.003002183406113579
2025-09-25,10319.88,78710.96,73580.0,0.007660738714090343,713068.0,-0.007660738714090343
2025-09-26,10291.84,78657.03,73240.0,0.005759736697750872,695123.0,-0.005759736697750872
2025-09-29,10291.18,78005.85,73700.0,0.01457645764576454,695786.0,-0.01457645764576454
2025-09-30,10299.1,78696.05,73140.0,-0.001636214889555454,676349.0,0.001636214889555454
2025-10-09,10283.41,78785.85,73700.0,0.010131434830229935,677908.0,-0.010131434830229935
2025-10-10,10292.9,78018.95,73100.0,0.004384762948753007,681696.0,-0.004384762948753007
2025-10-13,10228.5,74649.84,72320.0,0.006662965019433642,682469.0,-0.006662965019433642
2025-10-14,10210.36,74130.02,73160.0,0.006875687568756783,665639.0,-0.006875687568756783
2025-10-15,10217.94,73135.23,73200.0,-0.0002731494127287126,673419.0,0.0002731494127287126
2025-10-16,10225.52,72349.07,74060.0,0.00570187347271256,681313.0,-0.00570187347271256
2025-10-17,10275.27,71093.37,75900.0,-0.003150433184562873,705766.0,0.003150433184562873
2025-10-20,10359.07,70903.62,76180.0,0.007676019057702543,706153.0,-0.007676019057702543
2025-10-21,10381.2,70959.25,75880.0,0.0002639218791238296,701145.0,-0.0002639218791238296
2025-10-22,10409.37,70912.55,76740.0,0.004979035639413043,743009.0,-0.004979035639413043
2025-10-23,10473.4,70849.49,78480.0,0.004875545291249672,815542.0,-0.004875545291249672
2025-10-24,10553.72,70054.87,79880.0,0.00605143721633894,812167.0,-0.00605143721633894
2025-10-27,10739.64,71550.83,81080.0,0.007719123505976144,862528.0,-0.007719123505976144
2025-10-28,11020.48,71387.46,82240.0,0.007361963190184007,862606.0,-0.007361963190184007
2025-10-29,11122.2,72087.01,82420.0,0.010066290203780914,875981.0,-0.010066290203780914
2025-10-30,11244.01,76107.89,83640.0,0.015074155117918764,912869.0,-0.015074155117918764
2025-10-31,11298.92,74484.5,82360.0,0.011582060128142002,883092.0,-0.011582060128142002
2025-11-03,11350.42,76019.79,82120.0,0.01484413656605632,904776.0,-0.01484413656605632
2025-11-04,11324.98,76153.15,79500.0,0.008642602948652822,826917.0,-0.008642602948652822
2025-11-05,11260.0,75812.68,78960.0,0.027350872623078892,827766.0,-0.027350872623078892
2025-11-06,11259.24,75831.84,79720.0,0.02284394250513344,853714.0,-0.02284394250513344
2025-11-07,11260.66,77452.07,81260.0,0.013986013986013957,909484.0,-0.013986013986013957
2025-11-10,11313.96,78462.14,85360.0,0.01578569720162637,986598.0,-0.01578569720162637
2025-11-11,11529.52,78100.92,86760.0,0.01713212860830793,992253.0,-0.01713212860830793
2025-11-12,11671.08,77340.17,86640.0,0.016929226428403554,1003409.0,-0.016929226428403554
2025-11-13,11828.64,76076.29,88360.0,0.014502762430939287,1037262.0,-0.014502762430939287
2025-11-14,11976.76,76656.91,87340.0,0.00045819014891179677,1024914.0,-0.00045819014891179677
2025-11-17,12101.59,76346.06,92660.0,0.003900325027085483,1118668.0,-0.003900325027085483
2025-11-18,12268.91,76294.62,94600.0,-0.0008449514152936155,1022292.0,0.0008449514152936155
2025-11-19,12471.94,76950.06,98160.0,0.009668792429541329,1093042.0,-0.009668792429541329
2025-11-20,12800.74,77813.92,100020.0,0.0008004802881729223,1077295.0,-0.0008004802881729223
2025-11-21,12940.4,76899.35,93160.0,-0.004700854700854684,998213.0,0.004700854700854684
2025-11-24,12932.79,77189.73,91320.0,-0.0008752735229758946,977397.0,0.0008752735229758946
2025-11-25,12935.09,77427.88,94960.0,0.006043600259011406,1033634.0,-0.006043600259011406
2025-11-26,13069.5,77881.84,97460.0,0.0020986358866736943,1055255.0,-0.0020986358866736943
2025-11-27,13151.22,78512.63,97020.0,0.0012650221378873727,1066017.0,-0.0012650221378873727
2025-11-28,13201.62,79773.0,96400.0,0.0,1070772.0,-0.0
2025-12-01,13304.29,84112.41,97260.0,0.0035766884073216154,1078188.0,-0.0035766884073216154
2025-12-02,13306.27,84080.4,96380.0,-0.0006343835906110762,1078521.0,0.0006343835906110762
2025-12-03,13318.18,83141.59,94900.0,-0.004058961760307622,1062943.0,0.004058961760307622
2025-12-04,13265.03,82906.45,93320.0,0.011461318051575908,1045917.0,-0.011461318051575908
2025-12-05,13155.3,82247.05,93200.0,0.009034817100044057,1052293.0,-0.009034817100044057
2025-12-08,13091.41,82782.86,93960.0,-0.009267241379310343,1053690.0,0.009267241379310343
2025-12-09,13083.1,82236.61,93580.0,-0.005844155844155874,1022990.0,0.005844155844155874
2025-12-10,13087.49,81743.87,95100.0,-0.005553182400683476,1040523.0,0.005553182400683476
2025-12-11,13208.64,81794.68,97900.0,0.0025062656641603454,1063114.0,-0.0025062656641603454
2025-12-12,13358.97,81850.18,99660.0,0.01348314606741563,1055570.0,-0.01348314606741563
2025-12-15,13456.56,81884.91,99340.0,0.016218435639498985,1079143.0,-0.016218435639498985
2025-12-16,13572.45,81845.34,100940.0,0.01796165489404644,1084952.0,-0.01796165489404644
2025-12-17,13748.99,81743.1,107000.0,0.01674914350970691,1078305.0,-0.01674914350970691
2025-12-18,13810.24,81403.25,107260.0,0.01742754309528327,1066231.0,-0.01742754309528327
2025-12-19,13831.84,81305.42,110000.0,0.01700554528650655,1052074.0,-0.01700554528650655
2025-12-22,14025.84,83588.35,113900.0,0.023259974950796236,1078482.0,-0.023259974950796236
2025-12-23,14103.07,84334.96,117780.0,0.021964718090626167,1084473.0,-0.021964718090626167
2025-12-24,14405.95,84519.64,122980.0,0.020000000000000018,1075229.0,-0.020000000000000018
2025-12-25,14914.55,84383.09,120720.0,0.021684316691880978,1072674.0,-0.021684316691880978
2025-12-26,15927.69,84406.8,129000.0,0.023351214894288486,1040008.0,-0.023351214894288486
2025-12-29,16793.33,86528.34,126340.0,0.010123378677633577,945569.0,-0.010123378677633577
2025-12-30,16794.76,86251.07,120540.0,0.020573355817875116,945781.0,-0.020573355817875116
2025-12-31,16905.39,86524.2,120640.0,0.01963746223564944,914644.0,-0.01963746223564944
2026-01-05,17070.7,86996.27,126560.0,0.03063209076175033,957057.0,-0.03063209076175033
2026-01-06,18211.16,86628.01,136120.0,0.03332328106151983,996465.0,-0.03332328106151983
2026-01-07,19063.26,87962.3,141520.0,0.01905444126074496,964232.0,-0.01905444126074496
2026-01-08,19747.35,89469.03,143400.0,0.026604068857589924,989432.0,-0.026604068857589924
2026-01-09,20001.43,89220.66,143180.0,0.025772461910864353,1001115.0,-0.025772461910864353
2026-01-12,21736.33,91020.89,155420.0,0.07000000000000006,994906.0,-0.07000000000000006
2026-01-13,22807.54,92016.64,167860.0,0.03386087596613918,901351.0,-0.03386087596613918
2026-01-14,23302.36,96140.1,165380.0,-0.0014398848092153083,886318.0,0.0014398848092153083
2026-01-15,22755.57,97677.21,160640.0,-0.0027177269919703706,874882.0,0.0027177269919703706
2026-01-16,22622.81,96576.51,153120.0,0.03154699049630416,826015.0,-0.03154699049630416
2026-01-19,21627.66,95963.79,147260.0,0.013302249040043845,824352.0,-0.013302249040043845
2026-01-20,21856.59,95667.38,155460.0,0.01905010438413357,832076.0,-0.01905010438413357
2026-01-21,22703.83,95184.21,164580.0,0.009624756335282703,848112.0,-0.009624756335282703
2026-01-22,23566.66,96343.94,169160.0,0.016528925619834656,858384.0,-0.016528925619834656
2026-01-23,24502.78,96363.27,177320.0,0.016991675219523383,859215.0,-0.016991675219523383
2026-01-26,26027.85,98590.34,176940.0,-0.008250641097112266,805315.0,0.008250641097112266
2026-01-27,24734.73,99655.86,173020.0,0.01792030181560955,804330.0,-0.01792030181560955
2026-01-28,24688.88,99975.6,170340.0,0.003978935049736787,782909.0,-0.003978935049736787
2026-01-29,24114.72,106793.75,166500.0,0.0054413542926239344,770794.0,-0.0054413542926239344
2026-01-30,23038.5,107441.22,153980.0,0.00210470928702966,723001.0,-0.00210470928702966
2026-02-02,22317.58,105129.46,141540.0,-0.0009868884816015555,683128.0,0.0009868884816015555
2026-02-03,22061.25,106353.93,145300.0,-0.017486783245221682,687342.0,0.017486783245221682
2026-02-04,22010.27,107174.2,148660.0,0.002291413937188347,688369.0,-0.002291413937188347
2026-02-05,20684.01,107729.21,136720.0,-0.0479910714285714,642968.0,0.0479910714285714
2026-02-06,19329.43,108862.8,132300.0,-0.0412204782162241,638582.0,0.0412204782162241
2026-02-09,19491.35,115797.35,137300.0,0.0036673023324043097,644017.0,-0.0036673023324043097
2026-02-10,19625.67,124103.5,137620.0,0.015039811265113556,643394.0,-0.015039811265113556
2026-02-11,19905.95,122609.12,144140.0,0.01789992952783659,657690.0,-0.01789992952783659
2026-02-12,20586.83,122798.65,149340.0,0.016424596172119,654026.0,-0.016424596172119
2026-02-13,20764.42,122780.92,148440.0,0.014320785597381258,641298.0,-0.014320785597381258
2026-02-24,21983.11,127993.75,161000.0,0.026269035532994867,674410.0,-0.026269035532994867
2026-02-25,23467.88,128402.3,167840.0,0.024017467248908186,697605.0,-0.024017467248908186
2026-02-26,25201.76,129286.48,177120.0,0.012626549880559557,700562.0,-0.012626549880559557
2026-02-27,25021.09,129469.61,173680.0,0.0285579419400519,711725.0,-0.0285579419400519
2026-03-02,25068.3,126431.44,173380.0,0.024671052631578982,707561.0,-0.024671052631578982
2026-03-03,23350.25,123350.25,157560.0,-0.0032712632108706785,646830.0,0.0032712632108706785
2026-03-04,22205.88,122204.44,151320.0,0.017893179066325926,637547.0,-0.017893179066325926
2026-03-05,22611.97,122843.89,155500.0,0.0045114720288734755,628524.0,-0.0045114720288734755
2026-03-06,22422.98,122766.73,156460.0,0.019390942217595075,628484.0,-0.019390942217595075
2026-03-09,22291.53,122081.21,156500.0,0.011260678229355392,624728.0,-0.011260678229355392
2026-03-10,22942.75,117246.87,163440.0,-0.001463236190708428,629166.0,0.001463236190708428
2026-03-11,23110.13,111916.98,159840.0,0.0010028832894570794,625876.0,-0.0010028832894570794
2026-03-12,22917.81,115314.32,156140.0,0.015974025974025974,622924.0,-0.015974025974025974
2026-03-13,23043.48,116304.35,156880.0,-0.005151983513652758,616621.0,0.005151983513652758
2026-03-16,22614.95,114664.32,154720.0,-0.015700791422006644,618343.0,0.015700791422006644
2026-03-17,22888.93,107925.65,157080.0,-0.004448964026948055,620652.0,0.004448964026948055
2026-03-18,22537.21,107613.37,152300.0,-0.0058147218184221305,620771.0,0.0058147218184221305
2026-03-19,22067.87,100571.59,145360.0,0.006005586592178869,595501.0,-0.006005586592178869
2026-03-20,21589.82,101790.94,147540.0,-0.0013622122326658603,596235.0,0.0013622122326658603
2026-03-23,21146.99,104291.47,144140.0,0.003629257398101604,594527.0,-0.003629257398101604
2026-03-24,21350.51,102989.07,152500.0,-0.009692206941715797,593785.0,0.009692206941715797
2026-03-25,22088.64,103201.04,158220.0,0.01076494427558261,595801.0,-0.01076494427558261
2026-03-26,22612.34,102947.55,158720.0,0.0075073164524748215,608944.0,-0.0075073164524748215
2026-03-27,22781.67,102733.8,164180.0,0.0024542888698000365,643957.0,-0.0024542888698000365
2026-03-30,23719.92,102738.24,170820.0,0.011175155864016073,656807.0,-0.011175155864016073
2026-03-31,23531.45,104159.15,162880.0,0.005210271678451894,637141.0,-0.005210271678451894
2026-04-01,23373.28,104564.66,159160.0,-0.009050334738408106,632433.0,0.009050334738408106
2026-04-02,23121.64,105098.36,160120.0,-0.011408730158730118,629162.0,0.011408730158730118
2026-04-03,22955.71,108985.31,159320.0,0.0028912633563795698,623508.0,-0.0028912633563795698
2026-04-07,23073.57,111377.16,161740.0,0.0024993751562110145,630129.0,-0.0024993751562110145
2026-04-08,23082.08,111041.53,160240.0,-0.013591993080439901,628881.0,0.013591993080439901
2026-04-09,22724.95,110524.24,155420.0,0.0018212566671003128,627330.0,-0.0018212566671003128
2026-04-10,22704.05,110564.57,156320.0,0.012095200936402595,615171.0,-0.012095200936402595
2026-04-13,22913.02,110697.61,161820.0,0.00912728182045508,644328.0,-0.00912728182045508
2026-04-14,23588.01,111367.52,166400.0,0.01760000000000006,655687.0,-0.01760000000000006
2026-04-15,24284.63,113742.76,168900.0,0.013032460480270291,668920.0,-0.013032460480270291
2026-04-16,24498.69,113425.28,172700.0,0.01631977294228948,715428.0,-0.01631977294228948
2026-04-17,24770.2,116178.81,175640.0,0.01501571411942737,726667.0,-0.01501571411942737
2026-04-20,25225.94,117355.44,179360.0,0.019154030327214633,747723.0,-0.019154030327214633
2026-04-21,25156.86,119421.98,174840.0,0.014949778089231591,718928.0,-0.014949778089231591
2026-04-22,24979.18,120148.41,174200.0,0.011844728509440516,721483.0,-0.011844728509440516
2026-04-23,25262.11,115358.78,175760.0,0.016878128273774884,725140.0,-0.016878128273774884
2026-04-24,25245.52,113240.04,177520.0,0.017497409922873297,739235.0,-0.017497409922873297
2026-04-27,25709.95,111750.61,181600.0,0.021317392285134185,745058.0,-0.021317392285134185
2026-04-28,25491.57,111753.88,177260.0,0.017626728110599066,724799.0,-0.017626728110599066
2026-04-29,25438.43,112614.25,179960.0,0.036646816307833285,749993.0,-0.036646816307833285
2026-04-30,25790.47,112560.1,185820.0,0.022927689594356204,759148.0,-0.022927689594356204
2026-05-06,27417.49,112960.07,196080.0,0.017320058079236755,778515.0,-0.017320058079236755
2026-05-07,27911.27,112084.63,197180.0,0.01610904584882289,784864.0,-0.01610904584882289
2026-05-08,28411.59,110937.0,198060.0,0.032136501622527014,777527.0,-0.032136501622527014
2026-05-11,28656.76,111177.97,202140.0,0.019720873786407855,810052.0,-0.019720873786407855
2026-05-12,29362.11,111208.98,205800.0,0.016271455501537746,809351.0,-0.016271455501537746
2026-05-13,29426.87,108607.91,201840.0,0.005589938111399517,783433.0,-0.005589938111399517
2026-05-14,28662.56,109873.15,195740.0,0.02498693152117104,730819.0,-0.02498693152117104
2026-05-15,28204.6,108705.23,190900.0,0.004417332772402194,709363.0,-0.004417332772402194
2026-05-18,28026.58,104642.31,191500.0,0.021281123643328348,716226.0,-0.021281123643328348
2026-05-19,27347.65,104331.63,185520.0,0.022343921139101885,695135.0,-0.022343921139101885
2026-05-20,26196.02,100979.06,180220.0,0.028555240793201042,686659.0,-0.028555240793201042
2026-05-21,26688.56,103014.93,181540.0,0.037183544303797555,682886.0,-0.037183544303797555
2026-05-22,26104.68,102438.88,181300.0,0.046148587055606205,683823.0,-0.046148587055606205
2026-05-25,26940.21,100924.71,183300.0,0.04667641435159142,675951.0,-0.04667641435159142
2026-05-26,26460.47,99226.77,178640.0,0.024551034325983156,661441.0,-0.024551034325983156
2026-05-27,26024.05,102552.42,175400.0,0.028424976700838878,645828.0,-0.028424976700838878
2026-05-28,25811.1,100744.18,177580.0,0.03804347826086962,640176.0,-0.03804347826086962
2026-05-29,26119.07,101165.43,180180.0,0.03921792819574654,638836.0,-0.03921792819574654
2026-06-01,26380.56,102058.86,180020.0,0.03544967513963293,637506.0,-0.03544967513963293
2026-06-02,25897.38,103221.15,173860.0,0.03653236226947021,630886.0,-0.03653236226947021
2026-06-03,25134.89,103193.09,168520.0,0.04959489319911614,618653.0,-0.04959489319911614
2026-06-04,24767.41,102823.41,162400.0,0.053111928001014164,614314.0,-0.053111928001014164
2026-06-05,23989.29,102506.37,161980.0,0.04610332196539102,609583.0,-0.04610332196539102
2026-06-08,24077.34,102190.85,162840.0,0.046326685180509974,602133.0,-0.046326685180509974
2026-06-09,24070.97,102163.81,165300.0,0.05499312585926752,605743.0,-0.05499312585926752
2026-06-10,24411.26,102210.64,167180.0,0.06414905589596098,605508.0,-0.06414905589596098
2026-06-11,24501.15,101757.02,171360.0,0.055575735561205875,609820.0,-0.055575735561205875
2026-06-12,25138.59,101807.62,176780.0,0.04593557390394243,606788.0,-0.04593557390394243
2026-06-15,25167.91,103107.24,175200.0,0.0420079569389189,607927.0,-0.0420079569389189
2026-06-16,24936.92,103657.91,170300.0,0.04400918873171311,604114.0,-0.04400918873171311
2026-06-17,25009.96,106605.88,171800.0,0.04470278044103537,609092.0,-0.04470278044103537
2026-06-18,24647.78,105885.99,165680.0,0.04676393565282444,605564.0,-0.04676393565282444
2026-06-22,23117.47,105795.56,156000.0,0.045984627617280616,602536.0,-0.045984627617280616
2026-06-23,23344.87,107224.39,156580.0,0.03786395090742922,607357.0,-0.03786395090742922
2026-06-24,23145.43,110216.32,159680.0,0.0476374404531994,608694.0,-0.0476374404531994
2026-06-25,23005.01,109163.91,155240.0,0.03672278934111106,610953.0,-0.03672278934111106
