,price_usd_t,source
2010-10-31,136930.99646640645,EST_REMX
2010-11-30,133932.72376369507,EST_REMX
2010-12-31,151636.8141675242,EST_REMX
2011-01-31,148915.89070469423,EST_REMX
2011-02-28,154711.31700656144,EST_REMX
2011-03-31,161224.0064625536,EST_REMX
2011-04-30,166843.17722752108,EST_REMX
2011-05-31,165710.66599736287,EST_REMX
2011-06-30,159164.18621359766,EST_REMX
2011-07-31,155882.57551670747,EST_REMX
2011-08-31,142178.19660223275,EST_REMX
2011-09-30,112451.14426231435,EST_REMX
2011-10-31,126310.47656554666,EST_REMX
2011-11-30,122672.03643853404,EST_REMX
2011-12-31,114860.1801091245,EST_REMX
2012-01-31,128789.17301546504,EST_REMX
2012-02-29,126930.30839617175,EST_REMX
2012-03-31,126143.5875856782,EST_REMX
2012-04-30,121321.13696957284,EST_REMX
2012-05-31,107363.48271872295,EST_REMX
2012-06-30,108480.25972351023,EST_REMX
2012-07-31,103490.10588945693,EST_REMX
2012-08-31,101142.45486490437,EST_REMX
2012-09-30,104789.04787454789,EST_REMX
2012-10-31,103272.82999363115,EST_REMX
2012-11-30,102237.6765535502,EST_REMX
2012-12-31,106846.49708473096,EST_REMX
2013-01-31,105646.58771853287,EST_REMX
2013-02-28,100889.80647995467,EST_REMX
2013-03-31,94927.44338222583,EST_REMX
2013-04-30,91788.41656241765,EST_REMX
2013-05-31,94118.59267014824,EST_REMX
2013-06-30,85830.34162346896,EST_REMX
2013-07-31,87848.40046132485,EST_REMX
2013-08-31,87683.60367278586,EST_REMX
2013-09-30,91641.81887100483,EST_REMX
2013-10-31,88893.56248730114,EST_REMX
2013-11-30,85344.95089684242,EST_REMX
2013-12-31,82614.81386083711,EST_REMX
2014-01-31,81388.01666171021,EST_REMX
2014-02-28,83217.14858831275,EST_REMX
2014-03-31,82150.00590455775,EST_REMX
2014-04-30,83663.64621224647,EST_REMX
2014-05-31,80638.14892630871,EST_REMX
2014-06-30,82056.87515105745,EST_REMX
2014-07-31,83786.61446871868,EST_REMX
2014-08-31,81497.08369188473,EST_REMX
2014-09-30,73398.09317137621,EST_REMX
2014-10-31,68833.57174279213,EST_REMX
2014-11-30,67147.47963659427,EST_REMX
2014-12-31,65989.8432662702,EST_REMX
2015-01-31,63491.93419088886,EST_REMX
2015-02-28,68044.982495326,EST_REMX
2015-03-31,65708.76008515677,EST_REMX
2015-04-30,69984.76326616011,EST_REMX
2015-05-31,67525.41900721563,EST_REMX
2015-06-30,60761.97270328914,EST_REMX
2015-07-31,55416.89966893623,EST_REMX
2015-08-31,51305.1268647691,EST_REMX
2015-09-30,46378.86658618789,EST_REMX
2015-10-31,48811.54296630277,EST_REMX
2015-11-30,47417.15942286034,EST_REMX
2015-12-31,44760.75565152627,EST_REMX
2016-01-31,41038.63386680547,EST_REMX
2016-02-29,44154.998879077764,EST_REMX
2016-03-31,47449.343259284185,EST_REMX
2016-04-30,50634.57090154866,EST_REMX
2016-05-31,50991.66198115718,EST_REMX
2016-06-30,51556.30717950424,EST_REMX
2016-07-31,53026.80218011341,EST_REMX
2016-08-31,52387.260921023386,EST_REMX
2016-09-30,50739.720646797934,EST_REMX
2016-10-31,50487.16499617303,EST_REMX
2016-11-30,53519.344110986065,EST_REMX
2016-12-31,53274.72780084518,EST_REMX
2017-01-31,57433.95283369468,EST_REMX
2017-02-28,58300.123334438504,EST_REMX
2017-03-31,55146.920384968704,EST_REMX
2017-04-30,53400.54436430486,EST_REMX
2017-05-31,53902.34786410245,EST_REMX
2017-06-30,54318.76583195745,EST_REMX
2017-07-31,62907.85883363558,EST_REMX
2017-08-31,65813.40148411413,EST_REMX
2017-09-30,70478.29034545811,EST_REMX
2017-10-31,72817.20389126168,EST_REMX
2017-11-30,75296.70643207754,EST_REMX
2017-12-31,79745.9433654947,EST_REMX
2018-01-31,80507.59633041508,EST_REMX
2018-02-28,79674.92226192103,EST_REMX
2018-03-31,75663.83027646894,EST_REMX
2018-04-30,74713.45958390077,EST_REMX
2018-05-31,71676.10557033576,EST_REMX
2018-06-30,66822.50297254266,EST_REMX
2018-07-31,64733.716898627616,EST_REMX
2018-08-31,60818.30838545822,EST_REMX
2018-09-30,61000.78233516643,EST_REMX
2018-10-31,56058.56719748671,EST_REMX
2018-11-30,57527.62821484999,EST_REMX
2018-12-31,50369.4399517041,EST_REMX
2019-01-31,52949.97018374728,EST_REMX
2019-02-28,56155.98620213175,EST_REMX
2019-03-31,55612.217211173556,EST_REMX
2019-04-30,52267.99506336266,EST_REMX
2019-05-31,54085.1043833817,EST_REMX
2019-06-30,54349.06881732666,EST_REMX
2019-07-31,50841.156572956366,EST_REMX
2019-08-31,46926.5520181283,EST_REMX
2019-09-30,48028.208656281466,EST_REMX
2019-10-31,47466.14630644928,EST_REMX
2019-11-30,47951.752016052495,EST_REMX
2019-12-31,50604.18682036603,EST_REMX
2020-01-31,47840.51446475593,EST_REMX
2020-02-29,44216.814017506535,EST_REMX
2020-03-31,39789.30353278017,EST_REMX
2020-04-30,42784.521758331735,EST_REMX
2020-05-31,44977.954025751715,EST_REMX
2020-06-30,45280.63229116058,EST_REMX
2020-07-31,50410.48039338773,EST_REMX
2020-08-31,51224.95106587679,EST_REMX
2020-09-30,48409.7557497483,EST_REMX
2020-10-31,50604.18682036603,EST_REMX
2020-11-30,62426.410613216285,EST_REMX
2020-12-31,70724.22577444058,EST_REMX
2021-01-31,76629.29420487022,EST_REMX
2021-02-28,82798.19494608372,EST_REMX
2021-03-31,77181.85495973955,EST_REMX
2021-04-30,80470.88516932465,EST_REMX
2021-05-31,82931.35435245733,EST_REMX
2021-06-30,83913.4311257968,EST_REMX
2021-07-31,98998.44305526228,EST_REMX
2021-08-31,104771.24559760989,EST_REMX
2021-09-30,95602.98434097927,EST_REMX
2021-10-31,104670.39518822604,EST_REMX
2021-11-30,107441.277049778,EST_REMX
2021-12-31,104776.87311861766,EST_REMX
2022-01-31,98037.09305208326,EST_REMX
2022-02-28,103880.32246658693,EST_REMX
2022-03-31,108553.6787491645,EST_REMX
2022-04-30,93928.03638846203,EST_REMX
2022-05-31,98218.02914355703,EST_REMX
2022-06-30,88229.75269382712,EST_REMX
2022-07-31,92070.22000463652,EST_REMX
2022-08-31,94527.92049070836,EST_REMX
2022-09-30,85851.0246703434,EST_REMX
2022-10-31,87321.79986886636,EST_REMX
2022-11-30,93445.42827832412,EST_REMX
2022-12-31,81617.3729850953,EST_REMX
2023-01-31,94817.0289934682,EST_REMX
2023-02-28,87757.93531368634,EST_REMX
2023-03-31,85464.11020139063,EST_REMX
2023-04-30,84005.23722208328,EST_REMX
2023-05-31,83792.76732037286,EST_REMX
2023-06-30,62559.290000000015,REAL_SMM
2023-07-31,65587.49999999999,REAL_SMM
2023-08-31,68443.45999999996,REAL_SMM
2023-09-30,70864.96000000002,REAL_SMM
2023-10-31,69735.1,REAL_SMM
2023-11-30,67558.10999999994,REAL_SMM
2023-12-31,62175.94999999996,REAL_SMM
2024-01-31,55431.289999999986,REAL_SMM
2024-02-29,50321.60999999998,REAL_SMM
2024-03-31,48860.61000000003,REAL_SMM
2024-04-30,55550.2,REAL_SMM
2024-05-31,50863.580000000045,REAL_SMM
2024-06-30,49812.69000000002,REAL_SMM
2024-07-31,50647.24000000001,REAL_SMM
2024-08-31,57324.29999999999,REAL_SMM
2024-09-30,60858.56000000002,REAL_SMM
2024-10-31,59313.73000000002,REAL_SMM
2024-11-30,56958.280000000035,REAL_SMM
2024-12-31,54396.109999999964,REAL_SMM
2025-01-31,57007.84000000001,REAL_SMM
2025-02-28,60723.759999999966,REAL_SMM
2025-03-31,61097.98000000004,REAL_SMM
2025-04-30,56357.729999999974,REAL_SMM
2025-05-31,60778.45999999996,REAL_SMM
2025-06-30,61886.52999999997,REAL_SMM
2025-07-31,73285.72000000003,REAL_SMM
2025-08-31,83555.92000000006,REAL_SMM
2025-09-30,78696.04999999999,REAL_SMM
2025-10-31,74484.50000000001,REAL_SMM
2025-11-30,79772.99999999996,REAL_SMM
2025-12-31,86524.20000000003,REAL_SMM
2026-01-31,107441.22000000002,REAL_SMM
2026-02-28,129469.61000000003,REAL_SMM
2026-03-31,104159.1499999999,REAL_SMM
2026-04-30,112560.10000000002,REAL_SMM
2026-05-31,101165.4299999999,REAL_SMM
2026-06-30,109163.91000000008,REAL_SMM
